AA,Hydrophob.,Polarity,Volume,Area Lost,pI,In-Out,Aroma.
Ala,0.31,8.10,27.5,0.74,6.00,0.20,0.025
Arg,-1.01,10.50,105.0,0.64,10.76,-1.34,0.750
Asn,-0.60,11.60,58.7,0.63,5.41,-0.69,0.200
Asp,-0.77,13.00,40.0,0.62,2.77,-0.72,-0.025
Cys,1.54,5.50,44.6,0.91,5.05,0.67,0.200
Gln,-0.22,10.50,80.7,0.62,5.65,-0.74,0.300
Glu,-0.64,12.30,62.0,0.62,3.22,-1.09,0.050
Gly,0.00,9.00,53.2,0.72,5.97,0.06,0.000
His,0.13,10.40,79.0,0.78,7.59,0.04,0.450
Ile,1.80,5.20,93.5,0.88,6.02,0.74,0.200
Leu,1.70,4.90,93.5,0.85,5.98,0.65,0.125
Lys,-0.99,11.30,100.0,0.52,9.74,-2.00,0.100
Met,1.23,5.70,94.1,0.85,5.74,0.71,0.325
Phe,1.79,5.20,115.5,0.88,5.48,0.67,0.575
Pro,0.72,8.00,108.2,0.64,6.30,-0.44,0.125
Ser,-0.04,9.20,29.3,0.66,5.68,-0.34,0.125
Thr,0.26,8.60,51.3,0.70,5.66,-0.26,0.075
Trp,2.25,5.40,145.5,0.85,5.89,0.45,1.000
Tyr,0.96,6.20,117.3,0.76,5.66,-0.22,0.850
Val,1.22,5.90,71.5,0.86,5.96,0.61,0.150
